{"cameraMode":{"drawMode":0,"name":"Shaded","section":"Shading Mode"},"sceneLighting":false,"audioPlay":false,"sceneViewState":{"m_AlwaysRefresh":false,"showFog":true,"showSkybox":false,"showFlares":true,"showImageEffects":true,"showParticleSystems":true,"showVisualEffectGraphs":true,"m_FxEnabled":true},"in2DMode":false,"pivot":{"x":-0.19811594486236573,"y":-0.09696167707443237,"z":0.06777238845825196},"rotation":{"x":-0.030853508040308954,"y":-0.9658015370368958,"z":0.21831505000591279,"w":-0.13648925721645356},"size":0.886383056640625,"orthographic":false}