{"cameraMode":{"drawMode":0,"name":"Shaded","section":"Shading Mode"},"sceneLighting":true,"audioPlay":false,"sceneViewState":{"m_AlwaysRefresh":false,"showFog":true,"showSkybox":true,"showFlares":true,"showImageEffects":true,"showParticleSystems":true,"showVisualEffectGraphs":true,"m_FxEnabled":true},"in2DMode":false,"pivot":{"x":0.024002984166145326,"y":1.9795080423355103,"z":-0.0037339855916798116},"rotation":{"x":0.04307635501027107,"y":-0.6749794483184815,"z":0.0395323745906353,"w":0.7355239391326904},"size":0.8660253882408142,"orthographic":false}